{"input_shapes": [[4]], "input_data": [[0.8106155395507812, 0.6231597661972046, 0.7711230516433716, 0.576176643371582]], "output_data": [[0], [1.0, 0.0, 0.0]]}