{"input_shapes": [[4]], "input_data": [[5.099999904632568, 3.5, 1.399999976158142, 0.20000000298023224]], "output_data": [[0.0]]}