{
    "input_shapes": [
        [
            2
        ]
    ],
    "input_data": [
        [
            0.15841931104660034,
            0.1509648561477661
        ]
    ],
    "output_data": [
        [
            3.4603490829467773
        ]
    ]
}