{"input_shapes": [[2]], "input_data": [[0.7529025077819824, 0.6371743083000183]], "output_data": [[8.0]]}